Player,Span,Mat,Inns,NO,Runs,HS,Ave,BF,SR,100,50,0,4s,6s,Unnamed: 15
Babar Azam (PAK),2016-2026,145,136,18,4596,122,38.94,3590,128.02,3,39,10,477,80,
RG Sharma (IND),2007-2024,159,151,19,4231,121*,32.05,3003,140.89,5,32,12,383,205,
V Kohli (IND),2010-2024,125,117,31,4188,122*,48.69,3056,137.04,1,38,7,369,124,
JC Buttler (ENG),2011-2026,157,144,23,4037,101*,33.36,2735,147.6,1,28,11,373,175,
PR Stirling (IRE),2009-2026,163,160,12,3895,115*,26.31,2899,134.35,1,24,14,449,141,
MJ Guptill (NZ),2009-2022,122,118,7,3531,105,31.81,2602,135.7,2,20,3,309,173,
Mohammad Rizwan (PAK),2015-2024,106,93,21,3414,104*,47.41,2723,125.37,1,30,5,285,95,
Muhammad Waseem (UAE),2021-2026,99,99,6,3371,112,36.24,2233,150.96,3,26,7,282,196,
Virandeep Singh (MAS),2019-2026,122,114,21,3370,116*,36.23,2639,127.69,1,23,8,294,138,
DA Warner (AUS),2009-2024,110,110,12,3277,100*,33.43,2300,142.47,1,28,6,337,122,
SA Yadav (IND),2021-2026,113,107,17,3272,117,36.35,2008,162.94,4,25,7,297,179,
AJ Finch (AUS),2011-2022,103,103,12,3120,172,34.28,2189,142.53,2,19,8,309,125,
Q de Kock (SA),2012-2026,110,109,9,3095,115,30.95,2176,142.23,2,19,10,313,133,
Sikandar Raza (ZIM),2013-2026,133,128,12,3089,133*,26.62,2256,136.92,1,17,9,239,146,
Syed Aziz (MAS),2019-2026,128,119,19,3027,126,30.27,2163,139.94,1,22,8,266,157,
GJ Maxwell (AUS),2012-2026,130,118,18,2897,145*,28.97,1876,154.42,5,12,5,243,150,
DA Miller (SA/World),2010-2026,140,123,40,2804,106*,33.78,1983,141.4,2,9,3,184,141,
Litton Das (BAN),2015-2026,122,120,5,2702,83,23.49,2131,126.79,0,16,6,263,83,
P Nissanka (SL),2021-2026,94,93,5,2699,107,30.67,2099,128.58,2,19,8,276,78,
BKG Mendis (SL),2016-2026,109,109,6,2694,86,26.15,2069,130.2,0,20,8,241,102,
Babar Hayat (HKG),2014-2026,112,108,17,2642,122,29.03,2007,131.63,2,15,10,159,166,
HG Munsey (SCOT),2015-2026,88,86,5,2598,132,32.07,1805,143.93,3,14,6,278,118,
KS Williamson (NZ),2011-2024,93,90,13,2575,95,33.44,2092,123.08,0,18,4,245,58,
Shakib Al Hasan (BAN),2006-2024,129,127,17,2551,84,23.19,2105,121.18,0,13,9,258,53,
Nizakat Khan (HKG),2014-2026,128,125,9,2545,81,21.93,2091,121.71,0,13,9,211,84,
Karanbir Singh (AUT),2024-2026,60,59,7,2533,164,48.71,1444,175.41,4,20,5,211,207,
Mohammad Hafeez (PAK),2006-2021,119,108,13,2514,99*,26.46,2060,122.03,0,14,7,251,76,
RD Berrington (SCOT),2008-2026,108,99,18,2504,100,30.91,1891,132.41,1,10,10,206,91,
RR Hendricks (SA),2014-2025,90,89,2,2504,117,28.78,1938,129.2,1,18,7,268,70,
Fakhar Zaman (PAK),2017-2026,120,110,6,2494,91,23.98,1882,132.51,0,14,6,233,99,
EJG Morgan (ENG),2009-2022,115,107,21,2458,91,28.58,1805,136.17,0,14,3,186,120,
Mohammad Nabi (AFG),2010-2026,152,140,30,2448,89,22.25,1795,136.37,0,7,9,167,124,
Mahmudullah (BAN),2007-2024,141,130,26,2444,64*,23.5,2082,117.38,0,8,5,184,77,
Shoaib Malik (ICC/PAK),2006-2021,124,111,33,2435,75,31.21,1938,125.64,0,9,2,196,69,
Anshuman Rath (HKG),2015-2026,85,84,10,2394,140*,32.35,1886,126.93,2,12,3,241,57,
A Balbirnie (IRE),2015-2024,110,106,4,2392,83,23.45,1941,123.23,0,12,6,254,68,
MP O'Dowd (NED),2015-2026,91,88,7,2354,133*,29.06,1932,121.84,1,16,2,244,55,
R Powell (WI),2017-2026,120,106,17,2347,107,26.37,1653,141.98,1,10,2,142,156,
MDKJ Perera (SL),2013-2026,95,93,4,2335,101,26.23,1757,132.89,1,16,6,227,72,
K Bhurtel (NEP),2021-2026,80,78,7,2325,129,32.74,1695,137.16,3,15,5,220,111,
MR Marsh (AUS),2011-2026,88,83,14,2313,103*,33.52,1628,142.07,1,14,3,206,117,
HH Pandya (IND),2016-2026,138,109,28,2288,71*,28.24,1568,145.91,0,9,4,168,126,
GD Phillips (NZ),2017-2026,97,85,13,2286,108,31.75,1602,142.69,2,12,3,171,108,
Rahmanullah Gurbaz (AFG),2019-2026,87,87,0,2280,100,26.2,1682,135.55,1,13,10,180,122,
TL Seifert (NZ),2018-2026,90,84,11,2279,97*,31.21,1557,146.37,0,17,5,213,110,
N Pooran (WI),2016-2024,106,97,10,2275,98,26.14,1668,136.39,0,13,3,152,149,
KL Rahul (IND),2016-2022,72,68,8,2265,110*,37.75,1628,139.12,2,22,5,191,99,
DS Airee (NEP),2018-2026,100,86,21,2220,110*,34.15,1590,139.62,1,12,1,159,93,
S Ssesazi (UGA),2021-2024,88,86,10,2204,100*,29.0,1789,123.19,1,17,8,237,73,
MG Erasmus (NAM),2019-2026,88,84,16,2178,100*,32.02,1692,128.72,1,15,3,164,86,
BB McCullum (NZ),2005-2015,71,70,10,2140,123,35.66,1571,136.21,2,13,3,199,91,
Sami Sohail (MWI),2019-2026,70,66,20,2105,96*,45.76,1667,126.27,0,14,4,180,66,
R Sandaruwan (KUW),2019-2026,80,80,3,2094,103,27.19,1436,145.82,2,12,8,181,122,
MS Chapman (HKG/NZ),2014-2026,113,95,15,2074,104*,25.92,1528,135.73,1,10,6,176,83,
AD Hales (ENG),2011-2022,75,75,8,2074,116*,30.95,1499,138.35,1,12,5,225,70,
Mohammad Shahzad (AFG),2010-2023,73,73,3,2048,118*,29.25,1550,132.12,1,12,4,229,76,
BA King (WI),2019-2026,87,85,5,2028,85*,25.35,1525,132.98,0,14,6,213,92,
MD Shanaka (SL),2015-2026,134,121,25,2008,76*,20.91,1549,129.63,0,9,16,136,112,
RR Patel (KENYA),2008-2026,98,84,17,1987,120,29.65,1460,136.09,1,11,4,158,105,
Muhammad Tanveer (QAT),2019-2025,72,66,16,1980,88*,39.6,1484,133.42,0,15,3,143,111,
KJ O'Brien (IRE),2008-2021,110,103,10,1973,124,21.21,1507,130.92,1,5,12,165,82,
AK Markram (SA),2019-2026,77,73,11,1966,86*,31.7,1332,147.59,0,14,2,183,83,
Sohail Ahmed (BHR),2022-2026,79,74,28,1957,80*,42.54,1644,119.03,0,16,6,129,81,
LRPL Taylor (NZ/Samoa),2006-2025,106,97,22,1954,63,26.05,1611,121.29,0,7,6,123,72,
Ahmed Faiz (MAS),2019-2026,106,89,9,1952,105*,24.4,1603,121.77,1,8,6,148,74,
RP Burl (ZIM),2018-2026,118,109,32,1948,67*,25.29,1559,124.95,0,4,5,139,80,
JP Duminy (SA),2007-2019,81,75,25,1934,96*,38.68,1532,126.24,0,11,6,138,71,
TP Ura (PNG),2015-2026,66,65,9,1900,107*,33.92,1211,156.89,2,16,4,139,112,
CH Gayle (WI),2006-2021,79,75,7,1899,117,27.92,1381,137.5,2,14,4,158,124,
HT Tector (IRE),2019-2026,100,92,16,1898,96*,24.97,1561,121.58,0,9,7,158,44,
DJ Malan (ENG),2017-2023,62,60,8,1892,103*,36.38,1428,132.49,1,16,2,194,62,
TM Dilshan (SL),2006-2016,80,79,12,1889,104*,28.19,1567,120.54,1,13,10,223,33,
BJ Bennett (ZIM),2023-2026,58,58,6,1888,111,36.3,1314,143.68,1,12,3,215,58,
DJ Mitchell (NZ),2019-2026,104,90,20,1879,72*,26.84,1337,140.53,0,8,2,129,73,
K Kadowaki-Fleming (JPN),2022-2026,55,54,5,1871,114,38.18,1342,139.41,2,12,1,142,94,
Ibrahim Zadran (AFG),2019-2026,65,65,9,1865,95*,33.3,1624,114.83,0,16,1,172,45,
Bilal Zalmai (AUT),2019-2026,69,67,8,1864,111*,31.59,1149,162.22,1,13,3,187,112,
Meet Bhavsar (KUW),2019-2026,76,74,7,1855,89,27.68,1431,129.62,0,13,4,157,65,
RK Paudel (NEP),2019-2026,84,80,16,1845,69*,28.82,1507,122.42,0,9,2,144,60,
DP Conway (NZ),2020-2026,69,63,11,1839,99*,35.36,1430,128.6,0,13,3,178,52,
A Sharafu (UAE),2020-2026,71,67,9,1835,90*,31.63,1397,131.35,0,14,1,173,78,
Najibullah Zadran (AFG),2012-2024,107,95,33,1830,73,29.51,1328,137.8,0,8,6,126,97,
SC Williams (ZIM),2006-2025,85,84,8,1805,77,23.75,1407,128.28,0,12,7,178,44,
E Lewis (WI),2016-2026,67,66,4,1799,125*,29.01,1183,152.07,2,13,6,137,136,
LJ Tucker (IRE),2016-2026,93,87,9,1795,94*,23.01,1450,123.79,0,12,8,168,46,
Aasif Sheikh (NEP),2021-2026,76,75,3,1790,69,24.86,1463,122.35,0,11,4,163,74,
S Dhawan (IND),2011-2021,68,66,3,1759,92,27.92,1392,126.36,0,11,2,191,50,
Tamim Iqbal (BAN/ICC/World),2007-2020,78,78,5,1758,103*,24.08,1503,116.96,1,7,6,188,45,
Faisal Khan (KSA),2019-2025,61,61,5,1743,101,31.12,1005,173.43,1,10,7,180,106,
SD Hope (WI),2017-2026,70,68,10,1743,102*,30.05,1276,136.59,1,12,5,136,92,
CO Obuya (KENYA),2007-2024,75,70,12,1742,96*,30.03,1460,119.31,0,9,6,127,84,
C Munro (NZ),2012-2020,65,62,7,1724,109*,31.34,1102,156.44,3,11,5,132,107,
PD Salt (ENG),2022-2026,62,57,6,1717,141*,33.66,1036,165.73,4,8,7,170,83,
D Ndikubwimana (RWN),2021-2026,104,98,8,1699,82*,18.87,1971,86.19,0,9,8,159,31,
Umar Akmal (PAK),2009-2019,84,79,14,1690,94,26.0,1377,122.73,0,8,10,122,55,
TH David (AUS/SGP),2019-2026,74,63,15,1679,102*,34.97,997,168.4,1,9,5,129,109,
SO Hetmyer (WI),2018-2026,85,75,7,1678,85,24.67,1195,140.41,0,9,4,112,104,
Fiaz Ahmed (BHR),2019-2026,72,68,16,1677,105*,32.25,1370,122.4,1,8,7,106,90,
AB de Villiers (SA),2006-2017,78,75,11,1672,79*,26.12,1237,135.16,0,10,5,140,60,
JM Bairstow (ENG),2011-2024,80,72,16,1671,90,29.83,1215,137.53,0,10,6,148,76,
FH Allen (NZ),2021-2026,62,61,3,1663,137,28.67,974,170.73,3,7,5,146,115,
H Masakadza (ZIM),2006-2019,66,66,2,1662,93*,25.96,1418,117.2,0,11,1,151,65,
Abdul Waheed (KSA),2020-2025,60,57,7,1644,110,32.88,1268,129.65,1,8,1,163,52,
II Selemani (TAN),2021-2026,68,67,4,1640,110,26.03,1081,151.71,1,8,6,179,87,
Jatinder Singh (OMA),2015-2026,76,76,7,1635,73*,23.69,1358,120.39,0,9,4,179,35,
K Motlhanka (BOT),2019-2026,64,61,7,1629,112*,30.16,1482,109.91,1,9,2,173,31,
R Satheesan (ROM),2019-2026,60,56,7,1623,99*,33.12,1079,150.41,0,12,8,161,83,
MS Dhoni (IND),2006-2019,98,85,42,1617,56,37.6,1282,126.13,0,2,1,116,52,
MN Samuels (WI),2007-2018,67,65,10,1611,89*,29.29,1386,116.23,0,10,0,144,69,
Riazat Ali Shah (UGA),2019-2025,77,67,19,1606,98*,33.45,1298,123.72,0,5,4,119,69,
SK Raina (IND),2006-2018,78,66,11,1605,101,29.18,1190,134.87,1,5,3,145,58,
GA Priandana (INA),2022-2026,90,87,10,1598,78*,20.75,1532,104.3,0,8,10,159,51,
Abhishek Sharma (IND),2024-2026,50,49,2,1589,135,33.8,824,192.83,2,11,7,160,103,
P Kurup (BHR),2021-2026,68,66,6,1579,74,26.31,1439,109.72,0,7,2,163,39,
KA Pollard (WI),2008-2022,101,83,21,1569,75*,25.3,1161,135.14,0,6,3,94,99,
JW Jenner (JER),2019-2026,61,60,12,1541,96*,32.1,1090,141.37,0,8,5,124,63,
F du Plessis (SA/World),2012-2020,50,50,7,1528,119,35.53,1137,134.38,1,10,0,140,50,
LMP Simmons (WI),2007-2021,68,67,10,1527,91*,26.78,1264,120.8,0,9,6,140,68,
J Charles (WI),2011-2026,69,68,0,1525,118,22.42,1182,129.01,1,5,9,162,73,
JJ Roy (ENG),2014-2022,64,64,1,1522,78,24.15,1106,137.61,0,8,7,153,69,
NT Tilak Varma (IND),2023-2026,53,50,16,1501,120*,44.14,1046,143.49,2,7,4,117,75,
Mushfiqur Rahim (BAN),2006-2022,102,93,16,1500,72*,19.48,1304,115.03,0,6,8,126,37,
Ahmer Bin (BHR),2022-2026,96,75,22,1499,68*,28.28,1170,128.11,0,7,1,122,50,
KJ Coetzer (SCOT),2008-2021,70,68,2,1495,89,22.65,1254,119.21,0,6,4,158,48,
Soumya Sarkar (BAN),2015-2026,89,88,4,1494,68,17.78,1224,122.05,0,5,13,149,55,
DPMD Jayawardene (SL),2006-2014,55,55,8,1493,100,31.76,1121,133.18,1,9,4,173,33,
Zeeshan Ali (HKG),2022-2026,72,63,12,1472,101,28.86,1072,137.31,1,8,2,162,51,
Ahmed Shehzad (PAK),2009-2019,59,59,2,1471,111*,25.8,1282,114.74,1,7,2,157,33,
SR Watson (AUS),2006-2016,58,56,6,1462,124*,29.24,1006,145.32,1,10,3,115,83,
KIC Asalanka (SL),2021-2026,76,74,9,1456,80*,22.4,1156,125.95,0,6,7,99,68,
CR Ervine (ZIM),2010-2024,71,70,4,1449,70,21.95,1370,105.76,0,9,5,143,30,
A Vala (PNG),2015-2026,72,68,10,1447,93*,24.94,1257,115.11,0,8,1,124,42,
VP Thamotharam (MLT),2020-2025,66,63,8,1445,104*,26.27,995,145.22,1,9,3,100,90,
MH Cross (SCOT),2013-2026,89,76,14,1439,66*,23.2,1237,116.32,0,5,5,130,36,
IA Karim (KENYA),2013-2026,69,58,19,1434,71*,36.76,1410,101.7,0,9,2,127,16,
GH Dockrell (IRE),2010-2026,159,109,39,1426,58*,20.37,1066,133.77,0,2,9,105,56,
SI Runsewe (NGA),2019-2026,79,78,10,1424,80,20.94,1312,108.53,0,8,4,150,17,
AD Mathews (SL),2009-2024,90,73,22,1416,81*,27.76,1175,120.51,0,6,1,92,50,
Shahid Afridi (ICC/PAK),2006-2018,99,91,12,1416,54*,17.92,944,150.0,0,4,8,103,73,
MP Stoinis (AUS),2015-2026,87,70,24,1416,78,30.78,968,146.28,0,6,2,116,66,
Haider Butt (BHR),2021-2024,63,59,14,1408,79*,31.28,1161,121.27,0,8,2,92,62,
HE van der Dussen (SA),2018-2025,57,53,11,1406,94*,33.47,1092,128.75,0,10,2,89,62,
SV Samson (IND),2015-2026,65,57,5,1405,111,27.01,904,155.42,3,6,8,116,84,
Taranjeet Singh (ROM),2021-2026,46,45,4,1395,110,34.02,875,159.42,1,7,1,175,62,
Ishan Kishan (IND),2021-2026,49,49,1,1390,103,28.95,955,145.54,1,10,3,141,70,
AR Patwa (TAN),2021-2025,57,57,5,1387,79,26.67,1128,122.96,0,6,3,169,42,
Manpreet Singh (SGP),2019-2026,60,57,5,1383,112*,26.59,1020,135.58,1,5,6,83,62,
Asghar Afghan (AFG),2010-2021,75,68,5,1382,62,21.93,1247,110.82,0,4,5,87,69,
KC Sangakkara (SL),2006-2014,56,53,9,1382,78,31.4,1156,119.55,0,8,2,139,20,
Zeeshan Maqsood (OMA),2015-2024,73,62,10,1369,102*,26.32,1149,119.14,1,5,4,137,49,
MWR Stokes (GUE),2019-2026,55,50,16,1368,100,40.23,1100,124.36,1,7,1,122,28,
Towhid Hridoy (BAN),2023-2026,62,56,10,1365,83*,29.67,1082,126.15,0,7,3,87,54,
DMW Rawlins (BER),2019-2026,45,42,9,1359,121,41.18,899,151.16,1,10,2,91,92,
JN Frylinck (NAM),2019-2026,84,65,13,1356,134,26.07,1067,127.08,2,3,3,111,45,
Adil Butt (SWZ),2022-2026,36,36,3,1355,116,41.06,815,166.25,3,10,2,140,78,
O Tuyisenge (RWN),2021-2025,92,87,6,1354,100*,16.71,1311,103.27,1,3,11,132,32,
I Liyanage (QAT),2020-2026,57,54,4,1345,86,26.9,1111,121.06,0,9,6,139,41,
HC Brook (ENG),2022-2026,65,56,12,1342,100,30.5,862,155.68,1,6,1,111,62,
TM Head (AUS),2016-2026,53,51,4,1335,91,28.4,852,156.69,0,6,2,149,60,
Asif Ali (BHR),2024-2026,57,55,5,1334,100*,26.68,981,135.98,1,8,7,114,82,
Aqib Ilyas (OMA),2015-2024,56,55,7,1330,90,27.7,1092,121.79,0,10,4,125,44,
H Lakov (BUL),2019-2026,50,49,12,1328,80,35.89,1172,113.31,0,9,0,113,18,
S Davizi (CZK-R),2019-2026,42,41,5,1326,115*,36.83,949,139.72,3,6,2,147,45,
HAM Shah (DEN),2019-2026,39,38,2,1322,100,36.72,1034,127.85,1,10,2,122,41,
V Saini (ROM),2020-2026,61,53,12,1317,91*,32.12,1006,130.91,0,6,4,117,32,
SA Edwards (NED),2018-2026,86,77,20,1316,99,23.08,1040,126.53,0,2,3,105,31,
I Danladi (NGA),2019-2026,63,58,6,1307,80,25.13,1120,116.69,0,5,1,119,37,
JJ Smit (NAM),2019-2026,74,64,25,1307,111*,33.51,901,145.06,1,4,3,77,78,
NS Dhaliwal (CAN),2019-2026,49,47,6,1305,70*,31.82,1015,128.57,0,10,3,107,56,
Sahibzada Farhan (PAK),2018-2026,46,45,2,1305,100*,30.34,955,136.64,2,10,4,109,69,
Asif Khan (UAE),2023-2025,56,56,10,1302,79,28.3,944,137.92,0,6,4,81,84,
Razmal Shigiwal (AUT),2019-2025,55,49,8,1301,95*,31.73,926,140.49,0,8,4,107,55,
Saim Ayub (PAK),2023-2026,67,64,3,1298,98*,21.27,955,135.91,0,6,10,136,59,
GJ Delany (IRE),2019-2026,93,79,16,1294,89*,20.53,963,134.37,0,4,5,100,61,
O Manishimwe (RWN),2022-2026,95,85,10,1279,89*,17.05,1379,92.74,0,6,11,123,28,
HM Amla (SA/World),2009-2018,44,44,6,1277,97*,33.6,967,132.05,0,8,2,146,26,
T Marumani (ZIM),2021-2026,67,67,3,1276,86,19.93,987,129.28,0,7,5,139,44,
Zubaidi Zulkifle (MAS),2019-2026,71,70,3,1269,96,18.94,894,141.94,0,4,12,130,60,
GC Wilson (IRE),2008-2020,81,68,8,1268,65*,21.13,1212,104.62,0,3,4,108,20,
W Madhevere (ZIM),2020-2025,79,74,8,1256,73*,19.03,1096,114.59,0,7,7,139,16,
DJ Bravo (WI),2006-2021,91,74,17,1255,66*,22.01,1091,115.03,0,4,5,73,55,
BN Cooper (NED),2013-2021,58,55,11,1239,91*,28.15,993,124.77,0,9,7,118,38,
Luqman Butt (CAM),2023-2025,45,41,6,1239,80*,35.4,838,147.85,0,6,1,105,71,
CS MacLeod (SCOT),2009-2022,64,61,9,1238,74,23.8,1115,111.03,0,7,8,107,23,
DK Kesuma (INA),2023-2026,85,78,9,1236,117*,17.91,1110,111.35,3,1,9,130,47,
MM Ali (ENG),2014-2024,92,75,17,1229,72*,21.18,863,142.41,0,7,9,88,68,
L Bruce (GIBR),2021-2026,51,50,4,1223,99*,26.58,1042,117.37,0,12,5,123,24,
SS Iyer (IND),2017-2026,55,51,11,1222,74*,30.55,894,136.68,0,9,4,101,46,
BRM Taylor (ZIM),2006-2026,59,57,7,1216,123,24.32,994,122.33,1,6,6,125,30,
RR Pant (IND),2017-2024,76,66,14,1209,65*,23.25,950,127.26,0,3,4,111,44,
NLTC Perera (ICC/SL/World),2010-2021,84,74,22,1204,61,23.15,794,151.63,0,3,8,88,64,
MS Wade (AUS),2011-2024,92,68,22,1202,80,26.13,896,134.15,0,3,1,95,46,
S Bau (PNG),2016-2026,65,57,7,1200,85,24.0,1072,111.94,0,6,6,100,36,
Aqib Iqbal (AUT),2019-2026,89,67,17,1198,66*,23.96,973,123.12,0,4,4,91,47,
Tanzid Hasan (BAN),2024-2026,50,50,5,1191,89,26.46,936,127.24,0,11,6,108,53,
Imran Anwar (BHR),2019-2026,104,70,6,1190,87,18.59,955,124.6,0,7,10,71,80,
S Muniandy (MAS),2019-2026,122,96,26,1188,60*,16.97,1027,115.67,0,1,7,80,45,
RG Mukasa (UGA),2019-2024,58,56,5,1186,89,23.25,982,120.77,0,5,8,133,36,
Yuvraj Singh (IND),2007-2017,58,51,9,1177,77*,28.02,863,136.38,0,8,1,77,74,
KP Pietersen (ENG),2005-2013,37,36,5,1176,79,37.93,831,141.51,0,7,1,119,32,
LA Dunbar (SRB),2019-2026,45,43,8,1170,117,33.42,942,124.2,2,5,3,101,63,
Saber Zakhil (BEL),2019-2025,56,51,10,1163,100*,28.36,688,169.04,1,3,4,62,98,
Hazratullah Zazai (AFG),2016-2024,45,45,3,1160,162*,27.61,874,132.72,1,3,3,110,66,
Shaheryar Butt (BEL),2019-2025,51,48,10,1153,125*,30.34,841,137.09,1,3,2,88,69,
DM Nakrani (UGA),2019-2025,82,70,25,1144,77*,25.42,915,125.02,0,3,3,70,68,
Usman Patel (KUW),2020-2026,64,61,13,1136,111*,23.66,895,126.92,1,7,7,111,39,
Kushal Malla (NEP),2019-2026,65,57,12,1133,137*,25.17,816,138.84,1,5,4,64,76,
AD Russell (WI),2011-2025,86,75,24,1122,71,22.0,685,163.79,0,3,9,65,95,
Afif Hossain (BAN),2018-2024,70,64,9,1117,77*,20.3,938,119.08,0,3,6,83,38,
NA Greenwood (JER),2019-2026,42,42,4,1115,86*,29.34,763,146.13,0,5,3,113,37,
IK Gamantika (INA),2022-2026,88,72,11,1111,78*,18.21,1160,95.77,0,1,4,79,29,
MJ Santner (NZ),2015-2026,138,92,38,1108,77*,20.51,848,130.66,0,2,6,90,43,
JDS Neesham (NZ),2012-2026,105,77,22,1105,48*,20.09,761,145.2,0,0,7,85,55,
S Chandramohan (SGP),2019-2025,51,49,4,1104,100,24.53,925,119.35,1,5,4,100,48,
Aizaz Khan (HKG),2014-2026,103,89,18,1096,48*,15.43,1013,108.19,0,0,9,76,28,
SPD Smith (AUS),2010-2024,67,55,11,1094,90,24.86,872,125.45,0,5,1,96,26,
HL Carlyon (JER),2019-2026,50,49,2,1089,110,23.17,861,126.48,1,6,4,115,35,
J Butler (GUE),2019-2026,47,45,6,1087,87,27.87,972,111.83,0,5,2,99,28,
N Nipiko (VAN),2019-2026,45,45,7,1086,100,28.57,925,117.4,1,6,3,84,43,
Zeeshan Khan (MLT),2020-2026,50,49,2,1086,115,23.1,905,120.0,1,5,3,116,28,
S Dube (IND),2019-2026,68,52,17,1083,66,30.94,701,154.49,0,6,2,69,68,
WTS Porterfield (IRE),2008-2018,61,59,6,1079,72,20.35,971,111.12,0,3,5,120,23,
H Singh (GER),2019-2026,51,46,9,1074,83*,29.02,794,135.26,0,6,2,103,32,
Gulbadin Naib (AFG),2012-2026,85,72,20,1070,63,20.57,871,122.84,0,4,8,78,49,
BA Pai (GIBR),2019-2026,43,41,8,1070,107*,32.42,932,114.8,1,6,3,97,17,
C Campher (IRE),2021-2026,70,60,9,1067,72*,20.92,857,124.5,0,4,5,86,31,
LD Chandimal (SL),2010-2025,69,62,7,1066,66*,19.38,1030,103.49,0,6,0,90,22,
AP Rajeevan (TAN),2022-2025,55,50,10,1063,70,26.57,951,111.77,0,6,2,96,18,
RN Patel (KENYA),2019-2024,56,54,10,1054,75,23.95,874,120.59,0,3,6,110,23,
V Aravind (UAE),2020-2024,48,43,5,1052,97*,27.68,936,112.39,0,6,4,105,23,
Sarfaraz Ali (BHR),2019-2024,52,52,3,1050,69*,21.42,722,145.42,0,6,4,91,78,
AP Yadav (THA),2023-2026,44,44,8,1037,79*,28.8,984,105.38,0,6,3,107,19,
JP Inglis (AUS),2022-2026,49,46,7,1033,110,26.48,654,157.95,2,2,4,108,40,
J Baker (CAY),2024-2026,28,28,4,1031,94,42.95,787,131.0,0,10,0,92,54,
CJA Amini (PNG),2015-2024,59,51,9,1028,91*,24.47,891,115.37,0,5,6,75,30,
E Dusingizimana (RWN),2021-2024,62,60,3,1028,66*,18.03,966,106.41,0,4,7,104,35,
L Siaka (PNG),2015-2026,70,63,6,1019,85,17.87,885,115.14,0,3,8,71,34,
Samiullah Shinwari (AFG),2010-2022,65,56,10,1013,61,22.02,858,118.06,0,2,2,76,37,
MD Patel (USA),2019-2026,47,40,3,1011,104,27.32,733,137.92,1,7,2,106,33,
Shadab Khan (PAK),2017-2026,124,69,17,1009,52,19.4,700,144.14,0,1,6,73,50,
Rohan Mustafa (UAE),2014-2023,58,53,5,1006,77,20.95,827,121.64,0,4,7,108,27,
F Damiao Couana (MOZ),2019-2024,38,37,5,1005,104,31.4,800,125.62,1,5,3,100,38,
G Mckeon (Fran),2022-2026,33,33,4,1002,109,34.55,692,144.79,2,6,3,81,55,
V Vijh (LUX),2019-2026,53,52,8,1002,64*,22.77,912,109.86,0,2,4,73,34,
H Klaasen (SA),2018-2024,58,53,10,1000,81,23.25,705,141.84,0,5,2,72,52,
Iftikhar Ahmed (PAK),2016-2024,66,55,14,998,62*,24.34,773,129.1,0,4,2,66,44,
S Ravichandran (JPN),2022-2026,53,49,4,997,86*,22.15,825,120.84,0,5,3,90,23,
JJ Huo (MOZ),2019-2026,49,47,9,996,126,26.21,737,135.14,2,2,4,112,39,
Kamran Akmal (PAK),2006-2017,58,53,6,987,73,21.0,825,119.63,0,5,7,100,31,
Najmul Hossain Shanto (BAN),2019-2025,50,48,5,987,71,22.95,905,109.06,0,4,0,89,20,
Faheem Nazir (SUI),2022-2025,27,27,4,985,113,42.82,675,145.92,2,7,1,113,29,
ADS Fletcher (WI),2008-2024,60,57,7,984,84*,19.68,892,110.31,0,6,9,67,53,
CL White (AUS),2007-2014,47,44,14,984,85*,32.8,740,132.97,0,5,3,71,44,
GC Smith (SA),2005-2011,33,33,2,982,89*,31.67,770,127.53,0,5,1,123,26,
TC Barker (LUX),2019-2026,48,48,1,981,78,20.87,801,122.47,0,4,6,105,21,
Sabbir Rahman (BAN),2014-2022,48,47,5,977,80,23.26,819,119.29,0,4,3,92,29,
MNM Aslam (KUW),2019-2026,78,54,8,976,55,21.21,845,115.5,0,4,4,87,24,
Shaiman Anwar (UAE),2014-2019,32,32,3,971,117*,33.48,770,126.1,1,6,1,75,43,
Muhammad Muneeb (BEL),2020-2025,43,43,2,970,73,23.65,794,122.16,0,6,9,105,33,
N Davin (NAM),2019-2025,37,37,4,969,89,29.36,696,139.22,0,6,1,103,34,
V Balakrishnan (BOT),2019-2026,51,48,5,967,101,22.48,891,108.52,2,3,0,91,29,
T Stubbs (SA),2022-2026,52,43,11,967,76,30.21,727,133.01,0,2,3,75,37,
LS Livingstone (ENG),2017-2025,60,47,9,955,103,25.13,641,148.98,1,2,3,54,59,
Hamza Khan (RWN),2023-2026,42,41,8,949,164*,28.75,820,115.73,1,4,3,74,39,
P Baron (ARG),2019-2026,38,36,4,947,73,29.59,780,121.41,0,9,0,106,22,
M Levitt (NED),2024-2026,30,29,1,945,135,33.75,669,141.25,1,6,1,82,50,
D Kansonkho (MWI),2019-2026,64,60,5,937,54,17.03,1019,91.95,0,1,4,92,16,
G Gambhir (IND),2007-2012,37,36,2,932,75,27.41,783,119.02,0,7,2,109,10,
PR Surve (INA),2022-2025,39,36,12,928,71*,38.66,812,114.28,0,4,1,71,29,
Salman Agha (PAK),2024-2026,52,48,8,916,76,22.9,744,123.11,0,6,4,80,32,
SJ Myburgh (NED),2012-2022,45,44,2,915,71*,21.78,799,114.51,0,5,8,100,28,
SKS Gill (LUX),2022-2026,40,40,4,914,67*,25.38,888,102.92,0,3,4,81,13,
K Nassoro (TAN),2021-2026,79,63,13,913,60,18.26,930,98.17,0,2,4,84,16,
Mohammad Nawaz (3) (PAK),2016-2026,98,69,17,911,45*,17.51,683,133.38,0,0,9,68,48,
A Johnson (CAN),2022-2025,31,31,3,910,121*,32.5,618,147.24,2,6,5,85,60,
JO Holder (WI),2014-2026,98,69,21,909,49,18.93,639,142.25,0,0,9,53,62,
R Shepherd (WI),2020-2026,81,57,24,909,52*,27.54,627,144.97,0,1,5,51,67,
Yasim Murtaza (HKG),2022-2026,79,63,8,909,60,16.52,780,116.53,0,3,1,64,39,
CV Anto (KUW),2023-2026,44,44,5,907,75,23.25,612,148.2,0,3,1,59,66,
R Nehonde (BOT),2019-2026,59,51,9,906,63,21.57,960,94.37,0,3,3,69,16,
SE Rutherford (WI),2018-2026,56,48,11,902,76*,24.37,611,147.62,0,6,7,65,57,
MA Leask (SCOT),2013-2026,80,66,9,901,58,15.8,704,127.98,0,1,5,59,46,
E Chigumbura (ZIM),2006-2020,57,56,9,893,54*,19.0,635,140.62,0,3,6,61,53,
JE Root (ENG),2012-2019,32,30,5,893,90*,35.72,707,126.3,0,5,2,92,16,
Muhammad Usman (UAE),2016-2022,47,43,6,891,89*,24.08,778,114.52,0,3,3,73,27,
DM de Silva (SL),2015-2026,48,47,4,890,66*,20.69,768,115.88,0,3,2,77,18,
G Malla (NEP),2014-2022,45,39,1,883,107,23.23,734,120.29,1,2,1,76,36,
Ahmad Ramdoni (INA),2022-2025,81,64,19,882,46,19.6,1001,88.11,0,0,3,67,29,
BFW de Leede (NED),2018-2026,49,44,12,881,91*,27.53,826,106.65,0,5,4,65,24,
M Taylor (BHM),2021-2026,39,39,1,879,71*,23.13,872,100.8,0,7,5,81,38,
Selim Salau (NGA),2024-2026,37,36,0,871,112,24.19,789,110.39,1,1,1,83,20,
Shubman Gill (IND),2023-2025,36,36,5,869,126*,28.03,627,138.59,1,3,2,98,26,
Kamran Khan (QAT),2019-2025,39,36,1,864,88,24.68,639,135.21,0,5,1,77,50,
TW Nightingale (GUE),2020-2026,48,44,3,864,75,21.07,668,129.34,0,4,4,75,35,
Mohammad Naim (BAN),2019-2025,38,38,2,860,81,23.88,841,102.25,0,4,2,77,18,
R Mazumder (CYP),2021-2026,38,37,6,858,80*,27.67,776,110.56,0,6,1,100,11,
T Manders (BER),2021-2026,30,29,4,852,84,34.08,663,128.5,0,7,3,82,35,
AR Ramjani (UGA),2022-2025,65,45,11,850,78,25.0,646,131.57,0,5,3,66,31,
RL Chase (WI),2021-2026,60,44,8,846,67*,23.5,713,118.65,0,4,5,73,22,
Mohammad Ihsan (ESP),2022-2025,24,24,6,845,160,46.94,484,174.58,3,1,0,71,57,
D Visser (Samoa),2024-2026,23,23,5,845,132,46.94,595,142.01,3,3,1,86,38,
MR Adair (IRE),2019-2026,100,70,15,844,72,15.34,656,128.65,0,1,6,57,40,
KH Prajapati (OMA),2021-2024,47,46,5,843,74*,20.56,780,108.07,0,6,5,83,26,
KS Leverock (BER),2019-2023,29,29,4,842,103,33.68,566,148.76,1,4,4,70,48,
A Dizija (SRB),2022-2026,41,40,1,836,92,21.43,751,111.31,0,6,3,80,29,
C Rubagumya (RWN),2021-2025,91,75,14,834,40,13.67,981,85.01,0,0,11,52,13,
PW Hasaranga (SL),2019-2026,98,79,17,831,71,13.4,658,126.29,0,2,8,82,18,
IO Okpe (NGA),2019-2026,87,72,13,830,65*,14.06,752,110.37,0,2,6,34,34,
Saqlain Arshad (QAT),2019-2026,43,42,2,830,76,20.75,669,124.06,0,4,4,106,22,
Walid Ghauri (NOR),2019-2026,32,31,3,830,100*,29.64,722,114.95,1,4,1,76,25,
TS Bharaj (DEN),2019-2026,39,38,4,828,63*,24.35,696,118.96,0,6,1,65,22,
SA Okpe (NGA),2019-2026,85,65,14,828,45*,16.23,797,103.88,0,0,5,52,28,
B Arora (MLT),2019-2024,56,51,9,826,66*,19.66,911,90.66,0,3,2,74,20,
L Yamamoto-Lake (JPN),2022-2025,42,42,3,825,134*,21.15,627,131.57,1,4,7,83,33,
AV Lazarus (THA),2024-2026,40,39,7,824,95,25.75,708,116.38,0,5,1,66,31,
Mohammad Nadeem (OMA),2015-2026,73,52,13,824,77*,21.12,796,103.51,0,3,2,52,21,
SR Taylor (USA),2019-2025,32,29,3,822,101*,31.61,615,133.65,1,4,3,90,35,
H Thaker (CAN),2019-2026,54,42,10,822,53*,25.68,668,123.05,0,2,0,49,35,
Imal Zuwak (SWE),2021-2026,47,46,3,818,70,19.02,775,105.54,0,3,5,78,16,
J Rasu (VAN),2019-2026,45,44,4,818,74,20.45,765,106.92,0,3,4,55,31,
Sarfaraz Ahmed (PAK),2010-2021,61,42,12,818,89*,27.26,653,125.26,0,3,2,79,15,
Chirag Suri (UAE),2018-2022,31,31,3,817,88,29.17,708,115.39,0,7,2,84,18,
JP Kotze (NAM),2019-2025,47,43,5,817,101*,21.5,679,120.32,1,2,6,81,38,
W Barresi (NED),2012-2024,46,44,7,812,75*,21.94,706,115.01,0,4,4,71,21,
Junaid Aziz (BHR),2020-2026,83,53,16,812,52,21.94,736,110.32,0,1,1,53,40,
Azmatullah Omarzai (AFG),2022-2026,66,55,10,808,53,17.95,641,126.05,0,1,6,49,39,
A Mansale (VAN),2019-2026,40,39,4,808,82,23.08,693,116.59,0,5,5,53,31,
A Mundra (SWE),2024-2026,33,32,4,806,76*,28.78,519,155.29,0,5,1,88,39,
RB Patel (UGA),2021-2024,42,39,8,805,68*,25.96,779,103.33,0,4,3,96,8,
CG Williams (NAM),2019-2022,35,33,4,805,81,27.75,713,112.9,0,6,3,69,23,
Manan Ali (KSA),2023-2025,47,43,8,803,52*,22.94,564,142.37,0,1,4,38,56,
Yasir Ali (ESP),2019-2025,43,39,8,803,80*,25.9,793,101.26,0,4,3,60,25,
Luka Woods (SRB),2024-2026,17,17,2,800,112,53.33,502,159.36,2,6,1,71,46,
P Khadka (NEP),2014-2020,33,32,3,799,106*,27.55,624,128.04,1,4,3,82,26,
AA Obanda (KENYA),2007-2023,51,47,4,797,103*,18.53,670,118.95,1,1,6,100,25,
Basil Hameed (UAE),2020-2026,65,54,17,796,51,21.51,628,126.75,0,2,3,42,41,
JN Loftie-Eaton (NAM),2021-2026,60,46,6,796,101,19.9,585,136.06,1,1,3,76,34,
IA De Silva (BUL),2020-2022,35,34,2,795,100*,24.84,690,115.21,1,4,3,72,37,
Zeeshan Kukikhel (HUN),2021-2025,27,27,1,793,137,30.5,508,156.1,1,5,1,83,42,
B Niaz (BEL),2021-2026,44,38,5,792,72*,24.0,629,125.91,0,4,5,64,41,
IDM Latin (GIBR),2022-2026,36,36,6,788,89,26.26,625,126.08,0,4,3,62,36,
Misbah-ul-Haq (PAK),2007-2012,39,34,13,788,87*,37.52,715,110.2,0,3,2,45,26,
B McMullen (SCOT),2023-2026,30,29,4,787,96,31.48,547,143.87,0,7,2,63,39,
Usman Ghani (AFG),2015-2023,35,34,3,786,73,25.35,733,107.23,0,4,0,76,21,
Azyan Farhath (MDV),2019-2024,35,35,7,784,66*,28.0,926,84.66,0,5,0,61,12,
Umar Adam (MDV),2019-2024,46,45,1,783,56,17.79,589,132.93,0,4,5,62,45,
Aamir Kaleem (OMA),2015-2026,58,50,6,779,72*,17.7,680,114.55,0,3,7,79,19,
S Wickramasekara (CZK-R),2019-2026,37,35,6,779,104*,26.86,511,152.44,1,6,3,59,48,
JG Bethell (ENG),2024-2026,33,30,6,773,105,32.2,511,151.27,1,4,0,61,45,
KR Mayers (WI),2020-2025,41,39,2,773,73,20.89,575,134.43,0,3,1,69,51,
S Adedeji (NGA),2019-2025,47,44,7,772,68,20.86,890,86.74,0,3,3,62,16,
J Bulele (MOZ),2019-2026,34,34,4,772,62*,25.73,812,95.07,0,4,3,97,5,
Aaron Jones (USA),2019-2025,48,43,11,770,94*,24.06,672,114.58,0,2,1,41,39,
AGS Gous (USA),2024-2026,27,26,1,770,81,30.8,539,142.85,0,6,1,67,42,
Anjar Tadarus (INA),2022-2026,89,74,14,767,59*,12.78,879,87.25,0,1,9,70,18,
RR Rossouw (SA),2014-2023,29,27,5,767,109,34.86,480,159.79,2,3,5,69,39,
PHKD Mendis (SL),2018-2026,46,41,4,766,65*,20.7,589,130.05,0,4,3,59,34,
YSD Seneveratne (CAY),2019-2026,29,29,7,766,150*,34.81,648,118.2,1,3,1,60,36,
NR Kirton (CAN),2019-2026,40,38,6,764,69*,23.87,624,122.43,0,2,0,51,29,
Karim Janat (AFG),2016-2025,75,56,11,759,56*,16.86,645,117.67,0,4,6,53,33,
R Ravindra (NZ),2021-2026,52,46,9,759,69,20.51,561,135.29,0,4,3,60,32,
LJ Wright (ENG),2007-2014,51,45,5,759,99*,18.97,554,137.0,0,4,9,68,31,
DJ Hussey (AUS),2008-2012,39,36,3,756,88*,22.9,623,121.34,0,3,4,41,34,
R Obuya (UGA),2023-2025,41,39,4,755,83,21.57,636,118.71,0,5,5,62,34,
Bilal Tahir (KUW),2019-2026,63,53,15,754,61*,19.84,545,138.34,0,1,4,45,52,
Khizer Ahmed (NOR),2019-2026,42,41,4,754,64*,20.37,650,116.0,0,2,4,74,22,
Jaker Ali (BAN),2023-2025,48,43,13,752,72*,25.06,611,123.07,0,3,1,41,41,
V Ravindran (HUN),2023-2026,28,27,1,749,77,28.8,508,147.44,0,5,1,87,32,
PBB Rajapaksa (SL),2019-2025,45,40,7,744,77,22.54,570,130.52,0,3,3,64,31,
R Chopra (UAE),2024-2026,39,35,7,742,80,26.5,636,116.66,0,5,2,53,29,
MD Gunathilaka (SL),2016-2022,46,45,0,741,57,16.46,615,120.48,0,3,4,78,21,
RD Rickelton (SA),2024-2026,29,29,3,741,77*,28.5,493,150.3,0,4,2,57,42,
Abbas Ghani (HUN),2023-2026,29,28,0,739,90,26.39,483,153.0,0,7,4,77,36,
SR Mukkamalla (USA),2024-2026,21,21,3,737,100*,40.94,494,149.19,1,6,0,72,31,
AR Patel (IND),2015-2026,98,61,19,736,65,17.52,565,130.26,0,1,4,51,28,
K Waiswa (UGA),2020-2024,73,57,11,736,66*,16.0,688,106.97,0,1,6,71,19,
T Banton (ENG),2019-2026,37,33,5,735,73,26.25,495,148.48,0,4,0,70,32,
O Harvey (GHA),2021-2026,46,42,6,733,107*,20.36,738,99.32,1,1,4,57,17,
KD Shah (HKG),2014-2025,54,49,8,733,79,17.87,691,106.07,0,3,8,58,17,
Jaspal Singh (MLT),2023-2026,45,44,10,728,68*,21.41,642,113.39,0,4,2,54,36,
PA Raikes (GIBR),2021-2026,26,26,2,728,74*,30.33,545,133.57,0,5,0,65,32,
SR Bhudia (KENYA),2019-2026,55,42,8,727,77*,21.38,593,122.59,0,3,2,63,22,
Basil George (MLT),2021-2024,34,34,2,724,103*,22.62,583,124.18,1,3,2,51,38,
YBK Jaiswal (IND),2023-2024,23,22,2,723,100,36.15,440,164.31,1,5,2,82,38,
MEK Hussey (AUS),2005-2012,38,30,11,721,60*,37.94,529,136.29,0,4,1,58,25,
D Doyle-Calle (ESP),2022-2025,35,31,6,717,72,28.68,525,136.57,0,3,0,50,38,
C Chatphaisan (THA),2022-2026,61,59,3,715,70*,12.76,722,99.03,0,2,15,64,21,
SJ Baard (NAM),2019-2022,28,28,3,714,92,28.56,632,112.97,0,5,1,61,18,
Aritra Dutta (SGP),2019-2025,37,37,1,712,122,19.77,551,129.21,1,2,2,71,35,
RS Bopara (ENG),2008-2014,38,35,10,711,65*,28.44,599,118.69,0,3,0,54,17,
NR Kumar (CAN/USA),2012-2024,36,32,4,711,83,25.39,567,125.39,0,4,2,51,25,
J Mees (LUX),2019-2024,40,39,7,709,85,22.15,600,118.16,0,3,4,67,22,
MK Pandey (IND),2015-2020,39,33,17,709,79*,44.31,562,126.15,0,3,2,49,19,
W Niyitanga (RWN),2021-2024,61,60,5,708,55*,12.87,858,82.51,0,2,7,47,21,
R Bakum (GHA),2019-2024,42,41,4,706,71,19.08,609,115.92,0,4,4,48,33,
SM Curran (ENG),2019-2026,77,50,15,703,58,20.08,549,128.05,0,2,0,41,32,
CK Kapugedera (SL),2006-2017,43,38,7,703,50,22.67,591,118.95,0,1,0,58,25,
Ravinderpal Singh (CAN),2019-2025,43,36,7,701,101,24.17,497,141.04,1,1,4,48,38,
Lakshit Gupta (CAM),2023-2025,35,35,5,700,62,23.33,684,102.33,0,3,1,58,26,
CJ Anderson (NZ/USA),2012-2024,42,34,6,697,94*,24.89,553,126.03,0,3,3,40,35,
D Brevis (SA),2023-2026,30,28,2,697,125*,26.8,427,163.23,1,1,1,39,55,
Musaddiq Ahmed (GER),2024-2026,19,19,0,696,122,36.63,383,181.72,2,2,1,70,48,
Naseem Khushi (OMA),2017-2024,51,39,3,696,69,19.33,442,157.46,0,3,4,46,50,
N Vanua (PNG),2015-2024,58,47,10,696,71,18.81,510,136.47,0,3,9,32,47,
G Kansonkho (MWI),2019-2026,59,50,7,693,52,16.11,820,84.51,0,1,4,71,3,
ZE Green (NAM),2019-2026,81,56,15,691,52*,16.85,636,108.64,0,1,4,60,13,
KD Karthik (ICC/IND),2006-2022,60,48,22,686,55,26.38,481,142.61,0,1,3,71,28,
I Takahashi (JPN),2022-2026,56,49,8,684,54*,16.68,526,130.03,0,1,5,48,35,
RW Chakabva (ZIM),2008-2022,49,49,2,682,48,14.51,557,122.44,0,0,11,59,27,
Parvez Hossain Emon (BAN),2022-2026,35,35,2,682,100,20.66,528,129.16,1,3,8,54,44,
C Roberts (Fran),2024-2026,29,28,7,682,53,32.47,666,102.4,0,2,1,49,5,
S Singh (KENYA),2021-2026,58,47,8,679,54*,17.41,676,100.44,0,1,5,79,4,
A Limdawala (MWI),2022-2026,57,44,5,678,68,17.38,763,88.85,0,3,2,48,16,
AS Samra (PHI),2023-2026,28,28,3,674,101,26.96,494,136.43,1,4,0,59,29,
RA Sealy (CAY),2022-2026,40,34,2,673,73*,21.03,489,137.62,0,3,3,42,39,
T Bavuma (SA),2019-2023,36,35,4,670,72,21.61,567,118.16,0,1,6,62,16,
KC D'Souza (BUL),2020-2022,36,33,9,669,92*,27.87,432,154.86,0,2,3,43,44,
RM Dorji (BHU),2019-2026,40,40,1,669,73,17.15,625,107.04,0,3,3,48,28,
Gulsan Jha (NEP),2022-2026,57,45,12,669,54,20.27,478,139.95,0,1,1,34,49,
Muhammad Amir (MAS),2019-2026,66,51,5,669,80,14.54,619,108.07,0,2,4,60,19,
CJ Chibhabha (ZIM),2006-2020,36,35,0,667,67,19.05,609,109.52,0,5,4,78,13,
JH Kallis (SA),2005-2012,25,23,4,666,73,35.05,558,119.35,0,5,0,56,20,
TB Robinson (NZ),2024-2026,31,28,3,665,106*,26.6,486,136.83,1,2,3,58,26,
RK Singh (IND),2023-2026,45,33,16,665,69*,39.11,427,155.73,0,3,2,55,38,
KD Abeyrathna (NOR),2021-2026,40,38,4,663,46*,19.5,677,97.93,0,0,1,58,15,
Arjun Vinod (SUI),2021-2026,35,34,6,661,67,23.6,592,111.65,0,1,2,63,15,
TLW Cooper (NED),2012-2022,33,32,4,659,81*,23.53,509,129.46,0,3,3,62,22,
W Boshoff (SWE),2021-2026,41,35,7,657,56*,23.46,613,107.17,0,2,3,45,19,
DC Smith (PHI),2019-2026,40,39,2,657,68,17.75,563,116.69,0,2,5,56,28,
KJ Stagno (GIBR),2022-2024,25,24,1,656,101,28.52,370,177.29,1,3,2,41,56,
A Ashokan (CZK-R),2019-2023,31,30,6,655,55*,27.29,580,112.93,0,3,0,31,26,
IDA Damarell (GUE),2020-2026,44,39,7,655,52,20.46,561,116.75,0,2,2,73,11,
Hamza Dar (ESP),2019-2025,33,28,9,653,91*,34.36,443,147.4,0,4,2,42,38,
L Lamin (SLE),2021-2026,53,48,11,652,52*,17.62,692,94.21,0,1,6,38,31,
Maaz Khan (LES),2021-2026,34,33,2,650,96,20.96,426,152.58,0,5,8,59,39,
M Akayezu (RWN),2021-2026,101,81,9,647,51,8.98,582,111.16,0,1,13,45,33,
B Ward (JER),2019-2026,48,36,11,644,58*,25.76,495,130.1,0,1,1,36,35,
DJ Hawoe (INA),2022-2026,111,82,18,643,40,10.04,535,120.18,0,0,15,38,35,
DJM Short (AUS),2018-2020,23,23,2,642,76,30.57,540,118.88,0,4,1,71,15,
M Simpson-Parker (AUT),2019-2025,41,34,5,640,65*,22.06,570,112.28,0,5,4,53,18,
Ahmed Hassan (SUI),2023-2026,29,28,5,639,59,27.78,492,129.87,0,2,1,40,44,
J Bangura (SLE),2021-2026,54,48,4,639,52*,14.52,825,77.45,0,1,7,48,9,
WG Jacks (ENG),2022-2026,42,35,6,639,53*,22.03,436,146.55,0,1,1,60,29,
PW Borren (NED),2008-2017,43,38,5,638,57,19.33,524,121.75,0,1,2,60,18,
C Green (AUS),2022-2026,28,26,4,638,62*,29.0,420,151.9,0,6,1,49,36,
D Ramdin (WI),2006-2019,71,50,16,636,55*,18.7,551,115.42,0,1,3,51,19,
Waji Ul Hassan (KSA),2024-2025,36,30,5,634,115*,25.36,527,120.3,1,3,4,47,23,
RD Gaikwad (IND),2021-2024,23,20,4,633,123*,39.56,441,143.53,1,4,1,65,24,
Habib Khan (EST),2021-2025,26,24,0,629,90,26.2,482,130.49,0,4,1,49,34,
ST Jayasuriya (SL),2006-2011,31,30,3,629,88,23.29,487,129.15,0,4,4,76,23,
OGL Bascome (BER),2019-2026,40,37,5,628,54,19.62,480,130.83,0,1,2,44,42,
Aziz Mohammad (BEL),2019-2026,26,26,1,627,72,25.08,459,136.6,0,6,2,65,33,
SSM Stanislaus (MLT),2020-2024,40,35,4,627,62,20.22,607,103.29,0,1,1,43,23,
Khawar Ali (OMA),2015-2022,41,35,3,626,72*,19.56,635,98.58,0,2,2,67,15,
Muhamad Syahadat (MAS),2019-2026,58,46,16,624,41*,20.8,596,104.69,0,0,3,40,22,
D Wiese (NAM/SA),2013-2024,54,40,14,624,66*,24.0,488,127.86,0,3,3,35,30,
SA Ahmad (DEN),2019-2026,37,33,4,623,66,21.48,580,107.41,0,3,1,57,13,
Rashid Khan (AFG/ICC),2015-2026,115,70,28,622,48*,14.8,470,132.34,0,0,8,41,40,
M Gunasekara (CYP),2024-2026,30,29,2,621,70,23.0,504,123.21,0,4,3,40,38,
Sediqullah Atal (AFG),2023-2026,29,29,2,621,73*,23.0,529,117.39,0,4,2,37,29,
Shamim Hossain (BAN),2021-2026,52,43,8,621,51,17.74,506,122.72,0,1,4,57,22,
MR Swart (NED),2012-2016,26,25,2,621,89,27.0,537,115.64,0,4,1,53,16,
PV Vuniwaqa (Fiji),2022-2026,22,22,1,617,72*,29.38,425,145.17,0,3,1,52,44,
D Myers (ZIM),2021-2026,37,34,3,613,96,19.77,499,122.84,0,2,3,55,18,
A Randhawa (AUT),2022-2026,44,39,9,613,78*,20.43,632,96.99,0,3,1,44,15,
MN Waller (ZIM),2011-2018,32,31,8,613,68,26.65,443,138.37,0,1,2,42,28,
T Jamtsho (BHU),2019-2026,42,42,6,611,66*,16.97,523,116.82,0,3,5,52,31,
Muhammad Asim (QAT),2024-2026,24,23,7,608,67*,38.0,438,138.81,0,5,4,59,21,
Ayaan Khan (OMA),2021-2024,42,37,5,607,53*,18.96,562,108.0,0,1,1,38,18,
NG Collins (FIN),2019-2023,24,24,1,604,79,26.26,612,98.69,0,4,0,52,8,
P Pushparajan (MLT),2025-2026,21,21,2,604,103,31.78,387,156.07,1,4,1,48,35,
Sheraz Sheikh (BEL),2021-2026,44,38,7,603,57,19.45,516,116.86,0,2,4,43,36,
M Podosky (PHI),2022-2025,35,35,4,602,101,19.41,525,114.66,1,1,6,47,33,
Mohammed Rizlan (QAT),2019-2024,44,37,8,598,72*,20.62,528,113.25,0,3,4,36,32,
TWM Latham (NZ),2012-2026,29,26,4,597,65*,27.13,545,109.54,0,4,1,51,11,
Noor Ali Zadran (AFG),2010-2023,23,23,1,597,63,27.13,586,101.87,0,4,1,55,9,
DM Gondaria (KENYA),2013-2026,30,27,3,595,92,24.79,469,126.86,0,3,1,53,19,
Salman Butt (PAK),2007-2010,24,23,2,595,74,28.33,551,107.98,0,3,1,66,10,
Faheem Ashraf (PAK),2017-2026,85,59,15,594,51,13.5,433,137.18,0,1,6,40,33,
VS Padhaal (FIN),2019-2026,43,41,3,594,84,15.63,579,102.59,0,2,3,55,11,
P Mishra (BUL),2019-2026,63,50,6,593,55,13.47,493,120.28,0,3,5,39,44,
Aarif Sheikh (NEP),2018-2026,51,39,7,592,39*,18.5,532,111.27,0,0,3,57,13,
US Hathinjar (CAM),2023-2025,36,36,2,591,74*,17.38,500,118.2,0,4,7,54,31,
PM Seelaar (NED),2008-2021,77,46,12,591,96*,17.38,532,111.09,0,1,1,43,12,
CN Ackermann (NED),2019-2026,29,29,4,590,62,23.6,507,116.37,0,1,3,43,14,
GD Arta (INA),2022-2026,82,59,12,589,46,12.53,685,85.98,0,0,6,35,30,
Janak Prakash (SGP),2019-2024,43,41,12,588,56,20.27,467,125.91,0,1,2,37,24,
Zahir Mohammed (HUN),2021-2025,37,34,0,588,85,17.29,387,151.93,0,3,4,42,42,
DJG Sammy (WI/World),2007-2017,68,52,18,587,42*,17.26,398,147.48,0,0,3,45,31,
YS Samra (CAN),2025-2026,20,19,3,586,110,36.62,367,159.67,1,3,0,56,33,
BA Stokes (ENG),2011-2022,43,36,9,585,52*,21.66,457,128.0,0,1,1,42,22,
PD Collingwood (ENG/World),2005-2017,36,33,2,583,79,18.8,459,127.01,0,3,3,37,24,
DR Smith (WI),2006-2015,33,32,0,582,72,18.18,474,122.78,0,3,1,62,31,
WAE Burton (SRB),2021-2025,38,36,6,581,84*,19.36,413,140.67,0,2,6,61,32,
Saim Hussain (BUL),2022-2023,18,17,2,578,108*,38.53,394,146.7,1,4,1,51,26,
SB Styris (NZ),2005-2010,31,29,2,578,66,21.4,483,119.66,0,1,0,40,25,
Aman Desai (SGP),2022-2025,40,38,1,577,64,15.59,496,116.33,0,2,5,54,16,
Asif Ali (PAK),2018-2023,58,51,13,577,41*,15.18,431,133.87,0,0,4,27,37,
A Ferguson (ARG),2019-2026,33,29,8,577,86*,27.47,619,93.21,0,3,3,59,4,
V Ganesan (GER),2019-2024,47,40,9,577,61*,18.61,546,105.67,0,2,1,60,1,
